name,condition,period,trench
Minions,flatten,Minion,Ikea Land
Minions,flatten,Minion,Ikea Land
Minions,flatten,Minion,Ikea Land
Minions,flatten,Minion,Ikea Land
Minions,flatten,Minion,Ikea Land
Minions,flatten,Minion,Ikea Land
Minions,flatten,Minion,Ikea Land
Minions,flatten,Minion,Ikea Land
Minions,flatten,Minion,Ikea Land
Minions,flatten,Minion,Ikea Land
Minions,flatten,Minion,Ikea Land
Minions,flatten,Minion,Ikea Land
Minions,flatten,Minion,Ikea Land
Minions,flatten,Minion,Ikea Land
Minions,flatten,Minion IIa,Norrfors
Minions,flatten,Minion IIa,Norrfors
Minions,flatten,Minion IIb,Norrfors
Minions,flatten,Minion IIb,Norrfors
